{
  "A1_no_dp": {
    "accuracy": 0.6444444444444445,
    "precision_CN": 0.5967741935483871,
    "recall_CN": 0.8809523809523809,
    "f1_CN": 0.7115384615384616,
    "precision_MCI": 0.6956521739130435,
    "recall_MCI": 0.9795918367346939,
    "f1_MCI": 0.8135593220338984,
    "precision_AD": 0.5,
    "recall_AD": 0.045454545454545456,
    "f1_AD": 0.08333333333333333,
    "precision_macro": 0.5974754558204768,
    "recall_macro": 0.6353329210472067,
    "f1_macro": 0.5361437056352311,
    "auroc_macro": 0.9289153126094504,
    "auroc_CN": 0.9352278545826933,
    "auroc_MCI": 0.9691504508780255,
    "auroc_AD": 0.8823676323676324,
    "mia_accuracy": 88.88888888888889,
    "mia_advantage": 38.888888888888886
  },
  "A2_with_dp": {
    "accuracy": 0.4222222222222222,
    "precision_CN": 0.48148148148148145,
    "recall_CN": 0.30952380952380953,
    "f1_CN": 0.37681159420289856,
    "precision_MCI": 0.4,
    "recall_MCI": 0.5714285714285714,
    "f1_MCI": 0.47058823529411764,
    "precision_AD": 0.42105263157894735,
    "recall_AD": 0.36363636363636365,
    "f1_AD": 0.3902439024390244,
    "precision_macro": 0.4341780376868096,
    "recall_macro": 0.4148629148629149,
    "f1_macro": 0.41254791064534685,
    "auroc_macro": 0.6041051802760088,
    "auroc_CN": 0.615463389656938,
    "auroc_MCI": 0.565733270052207,
    "auroc_AD": 0.6311188811188811,
    "mia_accuracy": 88.88888888888889,
    "mia_advantage": 38.888888888888886
  },
  "A4_resnet50": {
    "accuracy": 0.837037037037037,
    "precision_CN": 0.9411764705882353,
    "recall_CN": 0.7619047619047619,
    "f1_CN": 0.8421052631578947,
    "precision_MCI": 0.9743589743589743,
    "recall_MCI": 0.7755102040816326,
    "f1_MCI": 0.8636363636363636,
    "precision_AD": 0.6935483870967742,
    "recall_AD": 0.9772727272727273,
    "f1_AD": 0.8113207547169812,
    "precision_macro": 0.869694610681328,
    "recall_macro": 0.8382292310863738,
    "f1_macro": 0.8390207938370798,
    "auroc_macro": 0.9814478549072913,
    "auroc_CN": 0.9859190988223246,
    "auroc_MCI": 0.9736592311343142,
    "auroc_AD": 0.9847652347652347,
    "mia_accuracy": 88.88888888888889,
    "mia_advantage": 38.888888888888886
  },
  "A4_vgg19": {
    "accuracy": 0.32592592592592595,
    "precision_CN": 0.0,
    "recall_CN": 0.0,
    "f1_CN": 0.0,
    "precision_MCI": 0.0,
    "recall_MCI": 0.0,
    "f1_MCI": 0.0,
    "precision_AD": 0.32592592592592595,
    "recall_AD": 1.0,
    "f1_AD": 0.49162011173184356,
    "precision_macro": 0.10864197530864199,
    "recall_macro": 0.3333333333333333,
    "f1_macro": 0.16387337057728119,
    "auroc_macro": 0.5177101915259669,
    "auroc_CN": 0.5267537122375833,
    "auroc_MCI": 0.48279544375889893,
    "auroc_AD": 0.5435814185814186,
    "mia_accuracy": 88.88888888888889,
    "mia_advantage": 38.888888888888886
  },
  "A5_alpha0.1": {
    "accuracy": 0.674074074074074,
    "precision_CN": 0.46875,
    "recall_CN": 0.35714285714285715,
    "f1_CN": 0.40540540540540543,
    "precision_MCI": 0.8913043478260869,
    "recall_MCI": 0.8367346938775511,
    "f1_MCI": 0.8631578947368421,
    "precision_AD": 0.6140350877192983,
    "recall_AD": 0.7954545454545454,
    "f1_AD": 0.693069306930693,
    "precision_macro": 0.6580298118484618,
    "recall_macro": 0.6631106988249845,
    "f1_macro": 0.6538775356909802,
    "auroc_macro": 0.884008607403742,
    "auroc_CN": 0.7764976958525347,
    "auroc_MCI": 0.949454200284765,
    "auroc_AD": 0.926073926073926,
    "mia_accuracy": 88.88888888888889,
    "mia_advantage": 38.888888888888886
  },
  "A5_alpha0.5": {
    "accuracy": 0.6444444444444445,
    "precision_CN": 0.75,
    "recall_CN": 1.0,
    "f1_CN": 0.8571428571428571,
    "precision_MCI": 0.5526315789473685,
    "recall_MCI": 0.8571428571428571,
    "f1_MCI": 0.672,
    "precision_AD": 1.0,
    "recall_AD": 0.06818181818181818,
    "f1_AD": 0.1276595744680851,
    "precision_macro": 0.7675438596491229,
    "recall_macro": 0.6417748917748918,
    "f1_macro": 0.5522674772036474,
    "auroc_macro": 0.9006305924910576,
    "auroc_CN": 0.9841269841269842,
    "auroc_MCI": 0.9003322259136213,
    "auroc_AD": 0.8174325674325674,
    "mia_accuracy": 88.88888888888889,
    "mia_advantage": 38.888888888888886
  },
  "A5_alpha1.0": {
    "accuracy": 0.9037037037037037,
    "precision_CN": 0.8,
    "recall_CN": 0.9523809523809523,
    "f1_CN": 0.8695652173913043,
    "precision_MCI": 0.9387755102040817,
    "recall_MCI": 0.9387755102040817,
    "f1_MCI": 0.9387755102040817,
    "precision_AD": 1.0,
    "recall_AD": 0.8181818181818182,
    "f1_AD": 0.9,
    "precision_macro": 0.9129251700680272,
    "recall_macro": 0.9031127602556174,
    "f1_macro": 0.9027802425317953,
    "auroc_macro": 0.9913683396429084,
    "auroc_CN": 0.9889912954429084,
    "auroc_MCI": 0.9933554817275747,
    "auroc_AD": 0.9917582417582418,
    "mia_accuracy": 88.88888888888889,
    "mia_advantage": 38.888888888888886
  },
  "A5_alpha100.0": {
    "accuracy": 0.9111111111111111,
    "precision_CN": 0.95,
    "recall_CN": 0.9047619047619048,
    "f1_CN": 0.926829268292683,
    "precision_MCI": 0.9333333333333333,
    "recall_MCI": 0.8571428571428571,
    "f1_MCI": 0.8936170212765957,
    "precision_AD": 0.86,
    "recall_AD": 0.9772727272727273,
    "f1_AD": 0.9148936170212766,
    "precision_macro": 0.9144444444444444,
    "recall_macro": 0.9130591630591631,
    "f1_macro": 0.9117799688635184,
    "auroc_macro": 0.9905752081028042,
    "auroc_CN": 0.9882232462877625,
    "auroc_MCI": 0.9907451352634076,
    "auroc_AD": 0.9927572427572428,
    "mia_accuracy": 89.13580246913581,
    "mia_advantage": 39.13580246913581
  },
  "A6_K2": {
    "accuracy": 0.8444444444444444,
    "precision_CN": 0.9615384615384616,
    "recall_CN": 0.5952380952380952,
    "f1_CN": 0.7352941176470589,
    "precision_MCI": 0.9583333333333334,
    "recall_MCI": 0.9387755102040817,
    "f1_MCI": 0.9484536082474226,
    "precision_AD": 0.7049180327868853,
    "recall_AD": 0.9772727272727273,
    "f1_AD": 0.819047619047619,
    "precision_macro": 0.8749299425528934,
    "recall_macro": 0.8370954442383014,
    "f1_macro": 0.8342651149807002,
    "auroc_macro": 0.9843169240607885,
    "auroc_CN": 0.9782386072708653,
    "auroc_MCI": 0.9964404366397721,
    "auroc_AD": 0.9782717282717283,
    "mia_accuracy": 88.88888888888889,
    "mia_advantage": 38.888888888888886
  },
  "A6_K4": {
    "accuracy": 0.6222222222222222,
    "precision_CN": 0.6909090909090909,
    "recall_CN": 0.9047619047619048,
    "f1_CN": 0.7835051546391752,
    "precision_MCI": 0.569620253164557,
    "recall_MCI": 0.9183673469387755,
    "f1_MCI": 0.703125,
    "precision_AD": 1.0,
    "recall_AD": 0.022727272727272728,
    "f1_AD": 0.044444444444444446,
    "precision_macro": 0.7535097813578826,
    "recall_macro": 0.615285508142651,
    "f1_macro": 0.5103581996945399,
    "auroc_macro": 0.9270725166663437,
    "auroc_CN": 0.9631336405529953,
    "auroc_MCI": 0.9399620313241577,
    "auroc_AD": 0.8781218781218781,
    "mia_accuracy": 88.88888888888889,
    "mia_advantage": 38.888888888888886
  },
  "A6_K6": {
    "accuracy": 0.8518518518518519,
    "precision_CN": 0.8974358974358975,
    "recall_CN": 0.8333333333333334,
    "f1_CN": 0.8641975308641975,
    "precision_MCI": 0.7758620689655172,
    "recall_MCI": 0.9183673469387755,
    "f1_MCI": 0.8411214953271028,
    "precision_AD": 0.9210526315789473,
    "recall_AD": 0.7954545454545454,
    "f1_AD": 0.8536585365853658,
    "precision_macro": 0.8647835326601206,
    "recall_macro": 0.8490517419088848,
    "f1_macro": 0.8529925209255554,
    "auroc_macro": 0.9731227385283757,
    "auroc_CN": 0.974142345110087,
    "auroc_MCI": 0.9776934029425723,
    "auroc_AD": 0.9675324675324675,
    "mia_accuracy": 88.88888888888889,
    "mia_advantage": 38.888888888888886
  },
  "A7_E1": {
    "accuracy": 0.5777777777777777,
    "precision_CN": 0.7777777777777778,
    "recall_CN": 0.6666666666666666,
    "f1_CN": 0.717948717948718,
    "precision_MCI": 0.5,