{
  "train_loss": [
    1.0332833965619406,
    0.7565616695969193,
    0.4880756499590697,
    0.3403161180240137,
    0.28571860050713577,
    0.24784476348647363,
    0.20349298097469187,
    0.17132327909822817,
    0.13392170838735723,
    0.11768578313015125,
    0.09566812552511691,
    0.07139716002124327,
    0.06242304023493219,
    0.041758642469843225,
    0.040813631729947196,
    0.04245331342573519,
    0.05414199986391598,
    0.04201460011579372,
    0.023272421038537112,
    0.02547729379600949,
    0.01645006697486948,
    0.013021381661571838,
    0.016272633301991003,
    0.021149348343412082,
    0.009945934910879091,
    0.009660365570474554,
    0.010525164294436022,
    0.011079269095703408,
    0.006145040846119324,
    0.015000961032799548
  ],
  "train_acc": [
    48.7962962962963,
    75.74074074074075,
    85.18518518518519,
    88.24074074074075,
    88.61111111111111,
    90.37037037037037,
    93.14814814814815,
    93.79629629629629,
    95.92592592592592,
    95.74074074074075,
    96.75925925925925,
    97.96296296296296,
    98.51851851851852,
    98.79629629629629,
    98.88888888888889,
    98.79629629629629,
    97.77777777777777,
    98.70370370370371,
    99.25925925925925,
    99.44444444444444,
    99.81481481481481,
    99.81481481481481,
    99.72222222222223,
    99.44444444444444,
    99.81481481481481,
    99.72222222222223,
    99.72222222222223,
    99.72222222222223,
    100.0,
    99.53703703703704
  ],
  "val_loss": [
    1.0160951605549564,
    0.8758213294876946,
    0.4221663095332958,
    0.4059882442156474,
    0.2995838831972193,
    0.26431269027568677,
    0.3046561077789024,
    0.3235804385609097,
    0.2750687696315624,
    0.30436434701636983,
    0.31420599398789584,
    0.3159946048701251,
    0.3231689205876103,
    0.3069748706287808,
    0.3335987510504546,
    0.2960812899801466,
    0.40738923152287804,
    0.3954459932115343,
    0.3538123987339161,
    0.3057399374467355,
    0.29541936229776455,
    0.3323947928569935,
    0.3183136132028368,
    0.38251674131110863,
    0.45888204883646083,
    0.3560457437126725,
    0.4203544055974042,
    0.37600683636135523,
    0.4164010149461252,
    0.3528560143929941
  ],
  "val_acc": [
    50.370370370370374,
    60.74074074074074,
    84.44444444444444,
    83.70370370370371,
    86.66666666666667,
    88.14814814814815,
    88.88888888888889,
    88.14814814814815,
    91.11111111111111,
    91.11111111111111,
    88.88888888888889,
    91.11111111111111,
    91.11111111111111,
    91.11111111111111,
    88.14814814814815,
    91.11111111111111,
    91.11111111111111,
    88.14814814814815,
    90.37037037037037,
    92.5925925925926,
    91.11111111111111,
    92.5925925925926,
    90.37037037037037,
    91.85185185185185,
    91.85185185185185,
    90.37037037037037,
    90.37037037037037,
    91.11111111111111,
    91.11111111111111,
    91.85185185185185
  ]
}