{
  "experiment": "resnet50_fedavg_K4_T20_E3",
  "accuracy": 0.9703703703703703,
  "f1_macro": 0.9704065040650406,
  "auroc_macro": 0.9982827339487933,
  "precision_macro": 0.9720588235294118,
  "recall_macro": 0.9693877551020408,
  "num_rounds": 20,
  "num_clients": 4,
  "local_epochs": 3,
  "dp_enabled": false
}