{
  "rounds": [
    1,
    2,
    3,
    4,
    5,
    6,
    7,
    8,
    9,
    10,
    11,
    12,
    13,
    14,
    15,
    16,
    17,
    18,
    19,
    20
  ],
  "accuracy": [
    66.66666666666667,
    80.0,
    85.92592592592592,
    88.14814814814815,
    87.4074074074074,
    91.11111111111111,
    88.88888888888889,
    91.11111111111111,
    91.85185185185185,
    91.11111111111111,
    91.85185185185185,
    93.33333333333333,
    88.88888888888889,
    93.33333333333333,
    93.33333333333333,
    94.07407407407408,
    91.11111111111111,
    97.03703703703704,
    93.33333333333333,
    96.29629629629629
  ],
  "f1_macro": [
    0.6618303371924661,
    0.8004115226337448,
    0.8610989010989011,
    0.8825638743649646,
    0.8736661240730692,
    0.9092777926540813,
    0.8882407407407408,
    0.9088423305454648,
    0.9161161755352979,
    0.9097248263671877,
    0.9154385964912279,
    0.9314384247413505,
    0.889717180244829,
    0.9320138426234363,
    0.933045484119004,
    0.9406780676408646,
    0.9118716577540108,
    0.9704065040650406,
    0.93196261682243,
    0.9632990522282717
  ],
  "auroc_macro": [
    0.8372583022942042,
    0.9436026212363152,
    0.9742961920649199,
    0.9808859408848692,
    0.9833961481426918,
    0.9880023613010431,
    0.988254333099473,
    0.9917699115802213,
    0.9903461903247565,
    0.9921903681682912,
    0.9950773128085314,
    0.994548685337454,
    0.9932351195881365,
    0.9975417518017453,
    0.9976021410487169,
    0.9982036325407883,
    0.9978291167070505,
    0.9982827339487933,
    0.9980808694237052,
    0.998538750333842
  ],
  "loss": [
    0.8773744450675116,
    0.5495930561312923,
    0.39638685164628207,
    0.3046733873861807,
    0.2833277953995599,
    0.2813827508025699,
    0.2344169400356434,
    0.21479168644657842,
    0.23121993939081828,
    0.1967877178280442,
    0.20021702426451224,
    0.17562593861862466,
    0.27717300013259605,
    0.16692368697237087,
    0.15555557630680225,
    0.13872436660307425,
    0.18230801931133978,
    0.12921612858772277,
    0.15035484742235256,
    0.13178593085871804
  ]
}