{
  "train_loss": [
    1.0997561472433586,
    1.0262860858881915,
    0.9383239975682012,
    0.87323376999961,
    0.8124752084414164,
    0.6416290208145424,
    0.5077488234749546,
    0.41751305593384636,
    0.3728866044018004,
    0.28144925269815657,
    0.23629052197491682,
    0.20562952403669005,
    0.1754447747711782,
    0.14993638865373754,
    0.14195063092090465,
    0.11412800451119741,
    0.10431220350718057,
    0.08789443412312754,
    0.06946879807445738,
    0.05201972616767442,
    0.04156103185205548,
    0.035569670855033174,
    0.032574677853672594,
    0.024560652093754874,
    0.01988643347458155,
    0.0328929525455115,
    0.02116634406287361,
    0.013240519416070094,
    0.010997948485116165,
    0.014548742521071323
  ],
  "train_acc": [
    37.68518518518518,
    47.22222222222222,
    53.148148148148145,
    59.351851851851855,
    63.425925925925924,
    73.70370370370371,
    80.46296296296296,
    83.70370370370371,
    85.46296296296296,
    89.72222222222223,
    90.83333333333333,
    91.85185185185185,
    93.51851851851852,
    94.53703703703704,
    94.72222222222223,
    95.92592592592592,
    96.01851851851852,
    96.66666666666667,
    98.05555555555556,
    98.61111111111111,
    98.79629629629629,
    99.25925925925925,
    98.98148148148148,
    99.44444444444444,
    99.35185185185185,
    98.88888888888889,
    99.44444444444444,
    99.72222222222223,
    99.81481481481481,
    99.62962962962963
  ],
  "val_loss": [
    1.1235768830334698,
    0.9583389529475459,
    0.847194430563185,
    0.8078038065521805,
    0.6509592564017684,
    0.6045528067482843,
    0.48618774325759323,
    0.4268125441339281,
    0.39219144317838883,
    0.40515117247899374,
    0.3208766835707205,
    0.30592518603360214,
    0.276394079791175,
    0.314352822303772,
    0.25152165668982046,
    0.2900067951944139,
    0.3235247179313942,
    0.28132325896510374,
    0.2692829582426283,
    0.2699696532002202,
    0.26475911935170493,
    0.23374035402580542,
    0.3175382861384639,
    0.3045640963095206,
    0.33377352246531733,
    0.27358940486554745,
    0.3841740908446135,
    0.37472814012456823,
    0.3455566821274934,
    0.3027788012116044
  ],
  "val_acc": [
    30.37037037037037,
    53.333333333333336,
    62.22222222222222,
    62.96296296296296,
    75.55555555555556,
    74.07407407407408,
    81.48148148148148,
    84.44444444444444,
    85.92592592592592,
    85.92592592592592,
    86.66666666666667,
    88.88888888888889,
    88.14814814814815,
    86.66666666666667,
    89.62962962962963,
    88.88888888888889,
    88.88888888888889,
    88.88888888888889,
    90.37037037037037,
    89.62962962962963,
    91.11111111111111,
    91.85185185185185,
    91.11111111111111,
    91.11111111111111,
    88.88888888888889,
    90.37037037037037,
    91.11111111111111,
    91.85185185185185,
    91.11111111111111,
    91.85185185185185
  ]
}