{
  "rounds": [
    1,
    2
  ],
  "accuracy": [
    32.592592592592595,
    32.592592592592595
  ],
  "f1_macro": [
    0.16387337057728119,
    0.16387337057728119
  ],
  "auroc_macro": [
    0.5461348895332391,
    0.5665561947310956
  ],
  "loss": [
    1.100955127786707,
    1.098662139751293
  ]
}