{
  "accuracy": 0.9259259259259259,
  "precision_CN": 0.9464285714285714,
  "recall_CN": 0.9298245614035088,
  "f1_CN": 0.9380530973451328,
  "precision_MCI": 0.8947368421052632,
  "recall_MCI": 0.918918918918919,
  "f1_MCI": 0.9066666666666666,
  "precision_AD": 0.926829268292683,
  "recall_AD": 0.926829268292683,
  "f1_AD": 0.926829268292683,
  "precision_macro": 0.9226648939421724,
  "recall_macro": 0.9251909162050369,
  "f1_macro": 0.9238496774348275,
  "auroc_macro": 0.9850370959227689,
  "auroc_CN": 0.9806567701304544,
  "auroc_MCI": 0.9892443463872036,
  "auroc_AD": 0.9852101712506487,
  "model": "vgg19",
  "setting": "centralised",
  "best_epoch": 28,
  "total_epochs": 30
}